Num,Name_GR,Source_GR,Name_EN,Source_EN,Last revision,Created date,Quick look name,Description_EN,Description_GR,Type,Layer_Name,server
,Σταθμοί Μέτρησης Ατμοσφαρικής Ρύπανσης,"Υπουργείο Παραγωγικής Ανασυγκρότησης, Περιβάλλοντος και Ενέργειας",Stations for the Measurement of Air Pollution,"Ministry of Productive Reconstruction, Environment and Energy",11/04/2015,19/10/2011,Stations_for_the_Measurement_of_Air_Pollution,This dataset contains the data and positions of the stations for the measurement of air pollution in Greece. In part of the records the geographical position is absent.,Περιέχονται στοιχεία και θέσεις των σταθμών μέτρησης ατμοσφαρικής ρύπανσης της Ελλάδας. Σε μέρος εγγραφών απουσιάζει το γεωγραφικό στίγμα.,WMS,geodata.gov.gr:36bb763a-245d-4ada-9fb7-7304c1146fbc,http://geodata.gov.gr/geoserver/ows
,Αισθητικά Δάση,"Υπουργείο Παραγωγικής Ανασυγκρότησης, Περιβάλλοντος και Ενέργειας",Aesthetic Forests,"Ministry of Productive Reconstruction, Environment and Energy",11/04/2015,20/02/2012,Aesthetic_Forests,"This dataset contains the boundaries of the Aesthetic Forests. These forests have been established based on forest law and include forest landscapes of particular aesthetic and ecological interest, aiming at the protection of nature and at giving the public the opportunity to come to know and enjoy the natural environment with various recreational activities.","Περιλαμβάνονται τα όρια των Αισθητικών Δάσών. Τα δάση αυτά έχουν θεσμοθετηθεί βάσει της δασικής νομοθεσίας και περιλαμβάνουν δασικά τοπία με ιδιαίτερο αισθητικό και οικολογικό ενδιαφέρον, που έχουν σκοπό εκτός από την προστασία της φύσης να δώσουν την ευκαιρία στο κοινό να γνωρίσει και να απολαύσει το φυσικό περιβάλλον με διάφορες δραστηριότητες αναψυχής.",WMS,geodata.gov.gr:f0ff1c49-4802-40cf-8f39-71ae52166400,http://geodata.gov.gr/geoserver/ows
1,Αεροδρόμια Ελλάδας,"Υπουργείο Παιδείας, Έρευνας και Θρησκευμάτων",Airports,"Greek Ministry of Education, Research and Religious Affairs",27/01/2016,21/01/2016,airports,The dataset contains the airports of Greece. This dataset was created  by the student Kiose Mickel of C1 - Structural Engineering and Geomatics 1st EPAL Chania.,"Αεροδρόμια Ελλάδας.Δημιουργήθηκε απο τον μαθητή Κιοσέ Μικελ του Γ2 Δομικών του 1ου ΕΠΑΛ Χανίων
",WMS,geodata.gov.gr:4f097ff9-4fbb-4411-86f3-1e7e621df61a,http://geodata.gov.gr/geoserver/ows
,Αρχαία Θέατρα,Οργανισμός Κτηματολογίου και Χαρτογραφήσεων Ελλάδας,Ancient Theaters,Hellenic Mapping and Cadastral Organization,12/06/2012,06/12/2012,Ancient_Theaters,"The dataset contains the location of ancient theaters and conservatories of the country as
 recorded by the non profit assosiation ""Diazoma"".","Σημειακό σύνολο δεδομένων με τις θέσεις των αρχαίων θεάτρων και ωδείων της χώρας, όπως 
 καταγράφονται από το μη κερδοσοπικό Σωματείο ""Διάζωμα"", το οποίο λειτουργεί για την ανάδειξη 
 και την προστασία τους.",WMS,eygep:ancthe,http://www1.okxe.gr/geoserver/wms
,Όρια Διαμερισμάτων,Ελληνική Στατιστική Αρχή,Boundaries of Districts,Hellenic Statistical Authority,04/11/2015,19/10/2011,Boundaries_of_Districts,"The boundaries of the country's Districts as used by EL.STAT., for census purposes",Τα όρια των Διαμερισμάτων της χώρας όπως χρησιμοποιούνται από την ΕΛ.ΣΤΑΤ. για λόγους απογραφής,WMS,geodata.gov.gr:069e235c-e904-4476-8766-97dd408d747d,http://geodata.gov.gr/geoserver/ows
18,Όρια Νομών,Οργανισμός Κτηματολογίου και Χαρτογραφήσεων Ελλάδας,Boundaries of Prefectures,Hellenic Mapping and Cadastral Organization,04/11/2015,14/10/2011,Boundaries_of_Prefectures_HMCO,The boundaries of the Prefectures of the country,Τα όρια των νομών της χώρας,WMS,geodata.gov.gr:e81089cb-f48c-4c5b-ac77-aa3028fe31fb,http://geodata.gov.gr/geoserver/ows
16,Όρια ΟΤΑ,Ελληνική Στατιστική Αρχή,Boundaries of the Local Authorities (LAs),Hellenic Statistical Authority,04/11/2015,17/10/2011,Boundaries_of_the_Local_Authorities_LAs,"The boundaries of the Local Authorities (LAs) of the country as used by EL.STAT., for census purposes",Τα όρια των ΟΤΑ της χώρας όπως χρησιμοποιούνται από την ΕΛ.ΣΤΑΤ. για λόγους απογραφής,WMS,geodata.gov.gr:3b2197bd-1028-4066-89ed-367a7f568ba5,http://geodata.gov.gr/geoserver/ows
15,Όρια ΟΤΑ (προ Καποδίστρια),Υπουργείο Εσωτερικών και Διοικητικής Ανασυγκρότησης,Boundaries of the Local Authorities (LAs) (pre-Kapodistrian),Ministry of the Interior and Administrative Reconstruction,04/11/2015,14/10/2011,Boundaries_of_the_Local_Authorities_preKapodistrian,The administrative boundaries of the pre-Kapodistrian Local Authorities (LAs) .,"Διοικητικά όρια των Οργανισμών Τοπικής Αυτοδιοίκησης (ΟΤΑ), Προ Καποδίστρια",WMS,geodata.gov.gr:0adb0521-2223-43cd-96d3-d816ad7a193c,http://geodata.gov.gr/geoserver/ows
11,Πόλεις,Κοινωνία της Πληροφορίας Α.Ε.,Cities,Information Society S.A.,04/11/2015,14/10/2011,Cities,Capitals of the prefectures of Greece with population data,Πρωτεύουσες των νομών Ελλάδας με πληθυσμιακά στοιχεία,WMS,geodata.gov.gr:9a55cca2-751a-4725-a22a-1643ea739dc2,http://geodata.gov.gr/geoserver/ows
14,Παράκτιες Υδάτινες Επιφάνειες,"Υπουργείο Παραγωγικής Ανασυγκρότησης, Περιβάλλοντος και Ενέργειας",Coastal Water Surfaces,"Ministry of Productive Reconstruction, Environment and Energy",04/11/2015,20/10/2011,Coastal_Water_Surfaces,"This dataset contains the boundaries of the Coastal Water Surfaces of Greece. Coastal water is the surface water on the landward side of a line, every point of which is at a distance of one nautical mile on the seaward side from the nearest point of the baseline from which the breadth of territorial waters is measured, extending where appropriate up to the outer limit of transitional waters.","Περιλαμβάνονται τα όρια των Παράκτιων Υδάτινων Επιφανειών της Ελλάδας. Τα παράκτια ύδατα αποτελούν τα επιφανειακά ύδατα που βρίσκονται στην πλευρά, της ξηράς, μιας γραμμής κάθε σημείο της οποίας βρίσκεται σε απόσταση ενός ναυτικού μιλίου προς τη θάλασσα από το πλησιέστερο σημείο της γραμμής βάσης από την οποία μετράται το εύρος των χωρικών υδάτων και τα οποία, κατά περίπτωση, εκτείνονται μέχρι του απώτερου ορίου των μεταβατικών υδάτων.",WMS,geodata.gov.gr:57e3c3a8-ad30-4b7b-9cb7-0e2ed655cc5b,http://geodata.gov.gr/geoserver/ows
28,Ακτογραμμή,Υπουργείο Εσωτερικών και Διοικητικής Ανασυγκρότησης,Coastline,Ministry of the Interior and Administrative Reconstruction,04/11/2015,14/10/2011,Coastline,This dataset contains the coastline of Greece and the delimitation of its borders.,Περιλαμβάνεται η ακτογραμμή της Ελλάδας και οριοθετούνται τα σύνορά της.,WMS,geodata.gov.gr:326b7fce-18a8-4248-bdf2-6df8b01b3554,http://geodata.gov.gr/geoserver/ows
,Χρήσεις γης CORINE 1990,Οργανισμός Κτηματολογίου και Χαρτογραφήσεων Ελλάδας,CORINE Land Cover 1990,Hellenic Mapping and Cadastral Organization,,01/01/1990,Corine_90,Polygons for the CORINE Land Cover 1990 program,Πολύγωνα κάλυψης γης του προγράμματος CORINE Land Cover (1990).,WMS,eygep:clcg90,http://www1.okxe.gr/geoserver/wms
,Χρήσεις γης CORINE 2000,Οργανισμός Κτηματολογίου και Χαρτογραφήσεων Ελλάδας,CORINE Land Cover 2000,Hellenic Mapping and Cadastral Organization,,27/11/2012,Corine_2000,Polygons for the CORINE Land Cover 2000 program,Πολύγωνα κάλυψης γης του προγράμματος CORINE Land Cover (2000).,WMS,eygep:clcg00,http://www1.okxe.gr/geoserver/wms
,Ισοϋψείς της Κρήτης με ισοδιάσταση 200μ.,"Υπουργείο Παιδείας, Έρευνας και Θρησκευμάτων",Crete countors 200m,"Greek Ministry of Education, Research and Religious Affairs",1/27/2016,22/01/2016,crete_iso_200,"200m contours of Crete, created by students of the 1st EPAL Chanion",Ισοϋψείς της Κρήτης με ισοδιάσταση 200μ. που δημιουργήθηκαν από τους μαθητές του Γ1 και του Γ2 του τομέα Δομικών Έργων και Γεωπληροφορικής του 1ου ΕΠΑΛ Χανίων.,WMS,geodata.gov.gr:ad17b120-5afc-4fd9-9ce4-4103443b6011,http://geodata.gov.gr/geoserver/ows
27,Διανομή Φύλλων Χάρτου του ΟΚΧΕ κλίμακας 1:5000,Οργανισμός Κτηματολογίου και Χαρτογραφήσεων Ελλάδας,Distribution of Map Sheets by HMCO of a 1:5000 scale,Hellenic Mapping and Cadastral Organization,04/11/2015,20/10/2011,Distribution_of_Map_Sheets,This dataset contains the distribution of Map Sheets by the Hellenic Mapping and Cadastral Organisation. The map scale is 1:5000 scale.,Περιέχεται η διανομή φύλλων χάρτου του Οργανισμού Κτηματολογίου και Χαρτογραφήσεων Ελλάδας. Η κλίμακα του χάρτη είναι 1:5000.,WMS,geodata.gov.gr:8042ce53-91b3-47a9-b239-36c7f63baedb,http://geodata.gov.gr/geoserver/ows
13,Περιοχές Οικοανάπτυξης,"Υπουργείο Παραγωγικής Ανασυγκρότησης, Περιβάλλοντος και Ενέργειας",Eco-development areas,"Ministry of Productive Reconstruction, Environment and Energy",04/11/2015,19/10/2011,Eco_development_areas,This dataset contains the boundaries of the Eco-development areas of Greece,Περιλαμβάνονται τα όρια των Περιοχών Οικοανάπτυξης της Ελλάδας.,WMS,geodata.gov.gr:42ce81fb-0318-4e2c-b0c9-388b1cb1e2e3,http://geodata.gov.gr/geoserver/ows
,Δασικές Υπηρεσίες,"Υπουργείο Παραγωγικής Ανασυγκρότησης, Περιβάλλοντος και Ενέργειας",Forest Services,"Ministry of Productive Reconstruction, Environment and Energy",11/04/2015,20/10/2011,dasarxeia,This dataset contains the areas of responsibility of the forest services of Greece and other relevant information such as Forest Directorates and Administrative Region and contact information.,Περιλαμβάνει τα όρια ευθύνης των δασικών υπηρεσιών της Ελλάδας και λοιπές πληροφορίες όπως σχετική Δ/νσεις Δασών και Διοικητική Περιφέρεια και στοιχεία επικοινωνίας.,WMS,geodata.gov.gr:3fbc1aea-3bdd-4bbc-811c-e11758213a8d,http://geodata.gov.gr/geoserver/ows
3,Υπόγεια Ύδατα,"Υπουργείο Παραγωγικής Ανασυγκρότησης, Περιβάλλοντος και Ενέργειας",Groundwater,"Ministry of Productive Reconstruction, Environment and Energy",04/11/2015,19/10/2011,Groundwater,This dataset contains the boundaries of the Groundwater of Greece. Groundwater is all water which is below the surface of the gorund in the saturation zone and in direct contact with the ground or subsoil.,Περιλαμβάνονται τα όρια των Υπογείων Υδάτων της Ελλάδας. Τα υπόγεια ύδατα αποτελούν το σύνολο των υδάτων που βρίσκονται κάτω από την επιφάνεια του εδάφους στη ζώνη κορεσμού και σε άμεση επαφή με το έδαφος ή το υπέδαφος.,WMS,geodata.gov.gr:9cbea661-3934-463a-91d3-9d0b31167751,http://geodata.gov.gr/geoserver/ows
4,Υδρογραφικό δίκτυο,"Υπουργείο Παραγωγικής Ανασυγκρότησης, Περιβάλλοντος και Ενέργειας",Hydrographic network,"Ministry of Productive Reconstruction, Environment and Energy",04/11/2015,14/10/2011,Hydrographic_network,This dataset contains the hydrographic network of Greece,Το αρχείο περιλαμβάνει το υδρογραφικό δίκτυο της Ελλάδας,WMS,geodata.gov.gr:6ac1b167-df9c-47b5-8cc0-ffdad7a13042,http://geodata.gov.gr/geoserver/ows
23,Λίμνες Ελλάδας,"Υπουργείο Παραγωγικής Ανασυγκρότησης, Περιβάλλοντος και Ενέργειας",Lakes of Greece,"Ministry of Productive Reconstruction, Environment and Energy",04/11/2015,14/10/2011,Lakes_of_Greece,This dataset contains the lakes of Greece,Στο αρχείο περιλαμβάνονται οι λίμνες στην έκταση της Ελλάδας,WMS,geodata.gov.gr:c9018d5e-93f1-47bb-a62d-3b86a6518ec4,http://geodata.gov.gr/geoserver/ows
,Όρια επιχειρησιακής ευθύνης Πυροσβεστικών Υπηρεσιών και Κλιμακίων,Γενική Γραμματεία Πολιτικής Προστασίας,Limits of operational responsibility of Fire Services and Brigades,General Secretariat for Civil Protection,11/04/2015,15/09/2014,Fire_Services_and_Brigades,This dataset contains the limits of operational responsibility of Fire Services and Brigades of the Hellenic Fire Services as these are defined in relevant orders by the Regional Administrations of the Fire Services.,Περιέχονται τα όρια επιχειρησιακής ευθύνης των Πυροσβεστικών Υπηρεσιών και Κλιμακίων του Ελληνικού Πυροσβεστικού Σώματος όπως αυτά προκύπτουν από τις σχετικές διαταγές των Περιφερειακών Διοικήσεων του Πυροσβεστικού Σώματος.,WMS,geodata.gov.gr:6928bdc2-e914-475f-8462-d425b04547c8,http://geodata.gov.gr/geoserver/ows
,Γραμμές ΑΤΤΙΚΟ ΜΕΤΡΟ,"Υπουργείο Οικονομίας, Υποδομών, Ναυτιλίας και Τουρισμού",Metro Athens Routes,"Ministry of Economy, Development and Tourism",,01/01/2009,Routes_Metro_Athens,Lines of the current network of the metro of Athens.,Άξονες του υφιστάμενου δικτύου γραμμών του μετρό της Αθήνας.,WMS,eygep:metroln,http://www1.okxe.gr/geoserver/wms
21,Όρια Δήμων (Καλλικράτης),Οργανισμός Κτηματολογίου και Χαρτογραφήσεων Ελλάδας,Municipality boundaries (Kallikratis),Hellenic Mapping and Cadastral Organization,04/11/2015,28/06/2010,Municipality_boundaries_Kallikratis,"This dataset contains the boundaries of the Municipalities of the country, in accordance with the Kallikratis programme. The present file constitutes a corrected version (version v1.1) of the as of 28.6.2010 posted version v1.0.","Περιέχονται τα όρια των Δήμων της χώρας, σύμφωνα με το πρόγραμμα Καλλικράτης. Το παρόν αρχείο αποτελεί διορθωμένη εκδοχή (έκδοση v1.1) της από 28/06/2010 αναρτημένης έκδοσης v1.0.",WMS,geodata.gov.gr:c7b5978b-aca9-4d74-b8a5-d3a48d02f6d0,http://geodata.gov.gr/geoserver/ows
20,Όρια Δήμων (Καποδιστριακοί),Οργανισμός Κτηματολογίου και Χαρτογραφήσεων Ελλάδας,Municipality Boundaries (Kapodistrian),Hellenic Mapping and Cadastral Organization,04/11/2015,14/10/2011,Municipality_Boundaries_Kapodistrian,The boundaries of the Municipalities of the country in accordance with the Kapodistrias plan.,Τα όρια των Δήμων της χώρας σύμφωνα με το σχέδιο Καποδίστριας,WMS,geodata.gov.gr:970c9267-5b4e-424b-9092-91bc919d4c8b,http://geodata.gov.gr/geoserver/ows
25,Εθνικοί Δρυμοί,"Υπουργείο Παραγωγικής Ανασυγκρότησης, Περιβάλλοντος και Ενέργειας",National Forests,"Ministry of Productive Reconstruction, Environment and Energy",04/11/2015,20/10/2011,National_Forests,This dataset contains the boundaries of the core and peripheral zone of National Forests as established and demarcated based on the data of Forest Services.,Περιλαμβάνονται τα όρια πυρήνα και περιφερειακής ζώνης των Εθνικών Δρυμών όπως έχουν θεσμοθετηθεί και οριοθετήθηκαν με τα στοιχεία των Δασικών Υπηρεσιών.,WMS,geodata.gov.gr:5b711268-ce82-4edd-8480-a5ec462a5698,http://geodata.gov.gr/geoserver/ows
26,Εθνικά Πάρκα,"Υπουργείο Παραγωγικής Ανασυγκρότησης, Περιβάλλοντος και Ενέργειας",National Parks,"Ministry of Productive Reconstruction, Environment and Energy",04/11/2015,19/10/2011,National_Parks,This dataset contains the boundaries of (terrestrial and marine) National Parks of Greece and futther information about them such as the number of the Government Gazette for the recognition of each as national park and for the recognition of the area to which they belong.,Περιέχονται τα όρια των Εθνικών Πάρκων (χερσαίων και θαλάσσιων) της Ελλάδας και λοιπές πληροφορίες για αυτά όπως αριθμός ΦΕΚ αναγνώρισης ως εθνικό πάρκο και ζώνη στην οποία ανήκουν.,WMS,geodata.gov.gr:d7b8a08d-e95b-41d3-a49d-d3a827b830df,http://geodata.gov.gr/geoserver/ows
7,Το δίκτυο NATURA 2000 και προστατευόμενες περιοχές,"Υπουργείο Παραγωγικής Ανασυγκρότησης, Περιβάλλοντος και Ενέργειας",Natura 2000 Network and protected areas,"Ministry of Productive Reconstruction, Environment and Energy",04/11/2015,20/10/2011,Natura_2000,"The Natura 2000 Network is a European Ecological Network of sites which host natural habitat types and habitats of species that are important at a European level. Today Greece has designated 202 Special Protection Areas (SPAs) and 241 Sites of Community Importance (SCI), two of which are still under consideration. The data available constitute version 29 (v.29) which resulted after update of the Natura 2000 database in May 2011. The changes to the data are documented in the document ʻUPDATE OF THE DATABASE OF NATURA 2000 - MAY 2011ʼ (http://www.ypeka.gr/LinkClick.aspx?fileticket=h4RzmKEMXHM% 3d & tabid = 504 & language = el-GR) .The designation species of Special Protection Areas are recorded in the relevant document ().","Το Δίκτυο Natura 2000 αποτελεί ένα Ευρωπαϊκό Οικολογικό Δίκτυο περιοχών, οι οποίες φιλοξενούν φυσικούς τύπους οικοτόπων και οικοτόπους ειδών που είναι σημαντικοί σε ευρωπαϊκό επίπεδο. Η Ελλάδα έχει χαρακτηρίσει σήμερα 202 Ζώνες Ειδικής Προστασίας (ΖΕΠ) και 241 Τόπους Κοινοτικής Σημασίας (ΤΚΣ), εκ των οποίων οι δύο είναι ακόμη προτεινόμενοι.Τα διατιθέμενα δεδομένα αποτελούν την έκδοση 29 (v.29) η οποία προέκυψε μετά από την επικαιροποίηση της βάσης δεδομένων Natura 2000 τον Μάιο του 2011. Οι αλλαγές στα δεδομένα τεκμηριώνονται στο έγγραφο ""ΕΠΙΚΑΙΡΟΠΟΙΗΣΗ ΤΗΣ ΒΑΣΗΣ ∆Ε∆ΟΜΕΝΩΝ ΤΟΥ NATURA 2000 - ΜΑΪΟΣ 2011"" (http://www.ypeka.gr/LinkClick.aspx?fileticket=h4RzmKEMXHM%3d&tabid=504&language=el-GR).Τα είδη χαρακτηρισμού των Ζωνών Ειδικής Προστασίας καταγράφονται στο σχετικό έγγραφο (http://www.ypeka.gr/LinkClick.aspx?fileticket=iIe61%2fEm2Mc%3d&tabid=432).",WMS,geodata.gov.gr:262a95fb-2d88-4df8-980f-5ed4de44245b,http://geodata.gov.gr/geoserver/ows
29,"Αεροφωτογραφίες
",Κτηματολόγιο Α.Ε.,Aerial Photos,National Cadastre and Mapping Agency S.A.,10/19/2011,19/10/2011,Orthophotos,The web service offers viewing capabilities for orthophotos with GSD 50cm for the entire country and fully orthorectified orthophotos with GSD 20cm for urban / built-up areas of the country.,Η διαδικτυακή υπηρεσία προσφέρει υπηρεσίες θέασης σε ορθοφωτογραφίες με GSD 50cm για το σύνολο της χώρας και πλήρως ορθοανηγμένες ορθοφωτογραφίες με GSD 20cm για αστικές / δομημένες περιοχές της χώρας.,WMS,KTBASEMAP,http://gis.ktimanet.gr/wms/wmsopen/wmsserver.aspx
,Αστυνομικά Τμήματα,Υπουργείο Προστασίας του Πολίτη,Police Stations,Ministry of Citizen Protection,4/14/2011,12/10/2007,Police_Stations,"Point location of the Poslice Stations, including postal addresses.","Σημειακό αρχείο με τις θέσεις των Αστυνομικών Τμημάτων. Περιλαμβάνονται και οι ταχυδρομικές 
 διευθύνσεις.",WMS,eygep:elasat,http://www1.okxe.gr/geoserver/wms
,Δημόσια Σημεία Πρόσβασης WiFi,Κοινωνία της Πληροφορίας Α.Ε.,Public WiFi Access Points,Information Society S.A.,11/04/2015,17/10/2011,dhmosia_wifi,This dataset contains the positions of public wireless WiFi access points.,Περιέχονται οι θέσεις των δημόσιων ασύρματων σημείων πρόσβασης WiFi.,WMS,geodata.gov.gr:dc5df4f5-3bd4-44d8-9edd-151f7270f20b,http://geodata.gov.gr/geoserver/ows
,Δημόσια Κτήρια,Κοινωνία της Πληροφορίας Α.Ε.,Public Βuildings,Information Society S.A.,11/04/2015,14/10/2011,dhmosia_kthria,"General government buildings, organised into categories depending on their purpose of use","Κτίρια της ευρύτερης δημόσιας διοίκησης, οργανωμένα σε κατηγορίες ανάλογα με το σκοπό χρήσης τους .",WMS,geodata.gov.gr:a72175d3-6db6-443b-ab8e-005c88f54891,http://geodata.gov.gr/geoserver/ows
8,Σιδηροδρομικό δίκτυο Ελλάδας,Υπουργείο Εσωτερικών και Διοικητικής Ανασυγκρότησης,Railway Network of Greece,Ministry of the Interior and Administrative Reconstruction,04/11/2015,14/10/2011,Railway_Network _of_Greece,"Railway Network of Greece. This file does not include descriptive information, it contains only the routes of the railway network.","Σιδηροδρομικό δίκτυο Ελλάδας. Στο αρχείο δεν περιλαμβάνεται περιγραφική πληροφορία, παρά μόνο οι οδεύσεις του σιδηροδρομικού δικτύου .",WMS,geodata.gov.gr:cd6cca01-996f-4120-8ff2-96e094e8d405,http://geodata.gov.gr/geoserver/ows
12,Περιφέρειες Ελλάδας,Υπουργείο Εσωτερικών και Διοικητικής Ανασυγκρότησης,Regions of Greece,Ministry of the Interior and Administrative Reconstruction,04/11/2015,17/10/2011,Regions_of_Greece,"This dataset contains the geographic boundaries of the 13 Regions (East Macedonia and Thrace, Central Macedonia, West Macedonia, Epirus, Thessaly, Ionian Islands, Western Greece, Continental Greece, Attica, Peloponnese, North Aegean, South Aegean, and Crete) of Greece.","Στο αρχείο αυτό περιλαμβάνονται τα γεωγραφικά όρια των 13 Περιφερειών (Ανατολικής Μακεδονίας και Θράκης, Κεντρικής Μακεδονίας, Δυτικής Μακεδονίας, Ηπείρου,. Θεσσαλίας, Ιονίων Νήσων, Δυτικής Ελλάδας, Στερεάς Ελλάδας, Αττικής, Πελοποννήσου, Βορείου Αιγαίου, Νοτίου Αιγαίου και Κρήτης) της Ελλάδας.",WMS,geodata.gov.gr:d7f50467-e5ef-49ac-a7ce-15df3e2ed738,http://geodata.gov.gr/geoserver/ows
10,Ποταμοί,"Υπουργείο Παραγωγικής Ανασυγκρότησης, Περιβάλλοντος και Ενέργειας",Rivers,"Ministry of Productive Reconstruction, Environment and Energy",04/11/2015,12/10/2011,Rivers_e_per,This dataset contains the network of rivers and streams of Greece as provided by e-per.gr service.,Περιέχεται το δίκτυο ποταμών και ρεμάτων της Ελλάδας όπως αυτό παρέχεται από την υπηρεσία e-per.gr,WMS,geodata.gov.gr:b7d36b40-6c5e-4e2b-a9a2-a5aa264dd926,http://geodata.gov.gr/geoserver/ows
,Οδικό Δίκτυο ΔΜΕΟ,"Υπουργείο Οικονομίας, Υποδομών, Ναυτιλίας και Τουρισμού",Road Network,"Ministry of Economy, Development and Tourism",11/18/2010,23/02/2009,Road_Network,"The dataset contains the National (1st, 2nd and 3rd order) and Local (1st and 2nd order) road network of Greece.","Γεωγραφική Βάση Δεδομένων του Εθνικού (Πρωτεύον-Δευτερεύον-Τριτεύον) και Επαρχιακού 
 (Πρωτεύον-Δευτερεύον) Οδικού Δικτύου της χώρας.Η κατηγοριοποίηση του οδικού δικτύου έγινε 
 με βάση τις αντίστοιχες αποφάσεις χαρακτηρισμού και η Βάση διαθέτει τεκμιρίωση και metadata 
 .Το έργο ολοκληρώθηκε τον Μάρτιο του 2010",WMS,eygep:rdndmeo,http://www1.okxe.gr/geoserver/wms
22,Οικισμοί,Ελληνική Στατιστική Αρχή,Settlements,Hellenic Statistical Authority,04/11/2015,21/04/2010,Settlements,"The Settlements of the country as used by EL.STAT., for census purposes",Οι Οικισμοί της χώρας όπως χρησιμοποιούνται από την ΕΛ.ΣΤΑΤ. για λόγους απογραφής,WMS,geodata.gov.gr:f45c73bd-d733-4fe0-871b-49f270c56a75,http://geodata.gov.gr/geoserver/ows
,Σταθμοί και στάσεις Οργανισμού Αστικών Συγκοινωνιών Αθήνας (ΟΑΣΑ),Οργανισμός Αστικών Συγκοινωνιών Αθηνών,Stations and stops of public transportation in Athens (OASA),Athens Urban Transport Organisation S.A.,3/21/2016,19/01/2012,Stations_and _stops_of_public_transportation_in_Athens_OASA,"The dataset includes the stops of public transpoortation. It contains information about bus, subway, metro and tram stops and stations. The accuracy of the dataset is ±20m in urban areas and ±50m in semi-urban areas.","Περιέχονται τα δρομολόγια Αστικής Συγκοινωνίας για την Αθήνα. Τα δεδομένα περιλαμβάνουν τις στάσεις για λεωφορεία, τρόλευ, μετρό, τραμ, ηλεκτρικό σιδηρόδρομο και προαστιακό σιδηρόδρομο. Η ακρίβεια αποτύπωσης στάσεων μπορεί να είναι, ενδεικτικά, της τάξης των ±20 μέτρων στις αστικές περιοχές (όπου υπάρχουν σαφή και σχετικά μικρού μεγέθους Ο.Τ.) και περισσότερο από ±50 μέτρων σε ημιαστικές περιοχές (όπου τα Ο.Τ. δεν είναι σαφή ή είναι πολύ μεγάλα).",WMS,geodata.gov.gr:18fe8202-e9de-4b83-a6ac-d4978b690b46,http://geodata.gov.gr/geoserver/ows
,Στάσεις ΑΤΤΙΚΟ ΜΕΤΡΟ,"Υπουργείο Οικονομίας, Υποδομών, Ναυτιλίας και Τουρισμού",Stops of Athens' Metro Network,"Ministry of Economy, Development and Tourism",12/02/2010,01/01/2009,Stops_Metro_Nework,The stations/stops of the Metro network of Athens.,"Άξονες του υφιστάμενου δικτύου γραμμών του μετρό της Αθήνας.Σταθμοί του υφιστάμενου 
 δικτύου μετρό της Αθήνας",WMS,eygep:metrost,http://www1.okxe.gr/geoserver/wms
2,Υπολεκάνες,Υδροσκόπιο,Sub-basins,Hydroscope,04/11/2015,09/09/2010,Subbasins,This dataset contains the sub-basins comprising the water basins of Greece. The thematic layer of sub-basins includes the fields provided for both in accordance with the Inspire Directive and with the Community Directive on water (2000/60/EC).,"Περιλαμβάνει τις υπολεκάνες που συνθέτουν τις λεκάνες απορροής της Ελλάδας. Το θεματικό επίπεδο των υπολεκανών περιέχει τα πεδία που προβλέπονται τόσο σύμφωνα με την οδηγία inspire, όσο και με την κοινοτική οδηγία περί υδάτων (2000/60/EC)",WMS,geodata.gov.gr:5514dee3-eabb-4253-bde9-20250bcfb857,http://geodata.gov.gr/geoserver/ows
,Γεωθερμικά Πεδία,"Υπουργείο Παραγωγικής Ανασυγκρότησης, Περιβάλλοντος και Ενέργειας",Underground Geothermal fields,"Ministry of Productive Reconstruction, Environment and Energy",,26/10/2012,Underground_Geothermal_fields,"Certain and potential underground geothermal fields, as defined by the current legislation (3175/03).","Πιθανά και βεβαιωμένα Γεωθερμικά Πεδία όπως αυτά καθορίζονται σύμφωνα με την ισχύουσα 
 νομοθεσία περί αξιοποίησης γεωθερμικού δυναμικού (Ν. 3175/03).",WMS,eygep:geotherm,http://www1.okxe.gr/geoserver/wms
24,Λεκάνες Απορροής,"Υπουργείο Παραγωγικής Ανασυγκρότησης, Περιβάλλοντος και Ενέργειας",Water Basins,"Ministry of Productive Reconstruction, Environment and Energy",04/11/2015,20/10/2011,Water_Basins_eper,This dataset contains the water basins of Greece. These data were created based on the Community Directive on water (2000/60/EC). The Water Basins (e-per.gr) dataset has been replaced by the official water Basins (Special Secretariat for Water) dataset of the Special Secretariat for Water.,Περιλαμβάνει τις λεκάνες απορροής της Ελλάδας. Τα δεδομένα αυτά δημιουργήθηκαν με βάση την κοινοτική οδηγία περί υδάτων (2000/60/EC).Το σύνολο δεδομένων 'Λεκάνες Απορροής (e-per.gr)' έχει αντικατασταθεί από το επίσημο σύνολο 'Λεκάνες Απορροής (Ειδική Γραμματεία Υδάτων)' της Ειδικής Γραμματείας Υδάτων.,WMS,geodata.gov.gr:7c41ae32-54cc-4361-9048-6b201c379af4,http://geodata.gov.gr/geoserver/ows
6,Υδατικές περιφέρειες ορεινού χώρου,"Υπουργείο Παραγωγικής Ανασυγκρότησης, Περιβάλλοντος και Ενέργειας",Water Districts of mountain areas,"Ministry of Productive Reconstruction, Environment and Energy",04/11/2015,17/10/2011,Water_Districts_of_mountain_areas,This dataset contains the water districts of the mountain areas of Greece,Περιλαμβάνονται οι υδατικές περιφέρειες του ορεινού χώρου της Ελλάδας.,WMS,geodata.gov.gr:67ed260d-891e-4a7f-b4bb-efeb497833d8,http://geodata.gov.gr/geoserver/ows
,Καταφύγια Άγριας Ζωής,"Υπουργείο Παραγωγικής Ανασυγκρότησης, Περιβάλλοντος και Ενέργειας",Wildlife Sanctuaries,"Ministry of Productive Reconstruction, Environment and Energy",11/04/2015,20/10/2011,katafygia_agrias_zwhs,"This dataset contains the boundaries of the Wildlife Sanctuaries of Greece and further information about them, such as the Government Gazette number of the decision recognising them as such.",Περιέχονται τα όρια των Καταφύγιων Άγριας Ζωής της Ελλάδας και λοιπές πληροφορίες για αυτά όπως ο αριθμός ΦΕΚ της απόφασης αναγνώρισης τους ως τέτοια.,WMS,geodata.gov.gr:9ac2e664-b822-4033-b21e-ceaa8c62999b,http://geodata.gov.gr/geoserver/ows
,Φράγματα της Ελλάδας,"Υπουργείο Παιδείας, Έρευνας και Θρησκευμάτων",Dams of Greece,"Greek Ministry of Education, Research and Religious Affairs",04/05/2016,20/04/2016,fragmata,"Dams in Greece created by the student Ntreka Erlint of C1 -  Structural Engineering and Geomatics 1st EPAL Chania. Source: Greek Commission on Large Dams, 2013 http://www.eeft.gr/Fragmata_Elladas_201311.pdf"," Φράγματα της Ελλάδας. Δημιουργήθηκαν από τον μαθητή Ντρέκα Έρλιντ του Γ1 Δομικών Έργων και Γεωπληροφορικής του 1ου ΕΠΑΛ Χανίων. Πηγή: Ελληνική Επιτροπή Μεγάλων Φραγμάτων ,2013. Τα Φράγματα της Ελλάδας. http://www.eeft.gr/Fragmata_Elladas_201311.pdf",WMS,geodata.gov.gr:a16f80c0-862f-42d6-9f5b-92d198030104,http://geodata.gov.gr/geoserver/ows
,Κέντρα περιβαλλοντικής εκπαίδευσης,"Υπουργείο Παιδείας, Έρευνας και Θρησκευμάτων",Centers of Environmental Education,"Greek Ministry of Education, Research and Religious Affairs",28/01/2016,17/01/2016,kentra_perivallontikis_ekpaideusis,"Environmental Education Centers, as created by students of C1 - Structural Engineering and Geomatics 1st EPAL Chania, during the academic year 2015/2016","Κέντρα Περιβαλλοντικής Εκπαίδευσης σε Κλίμακα 1/100.000 που δημιούργησαν οι μαθητές του Γ1 και του Γ2 Δομικών Έργων και Γεωπληροφορικής του 1ου ΕΠΑΛ Χανίων, το έτος 2015/2016",WMS,geodata.gov.gr:d7f48378-62d3-494f-bb4e-5143a485f33a,http://geodata.gov.gr/geoserver/ows
,Αισθητικά Δάση,"Υπουργείο Παραγωγικής Ανασυγκρότησης, Περιβάλλοντος και Ενέργειας",Aesthetic Forests,"Ministry of Productive Reconstruction, Environment and Energy",11/04/2015,20/02/2012,Aesthetic_Forests,"This dataset contains the boundaries of the Aesthetic Forests. These forests have been established based on forest law and include forest landscapes of particular aesthetic and ecological interest, aiming at the protection of nature and at giving the public the opportunity to come to know and enjoy the natural environment with various recreational activities.","Περιλαμβάνονται τα όρια των Αισθητικών Δάσών. Τα δάση αυτά έχουν θεσμοθετηθεί βάσει της δασικής νομοθεσίας και περιλαμβάνουν δασικά τοπία με ιδιαίτερο αισθητικό και οικολογικό ενδιαφέρον, που έχουν σκοπό εκτός από την προστασία της φύσης να δώσουν την ευκαιρία στο κοινό να γνωρίσει και να απολαύσει το φυσικό περιβάλλον με διάφορες δραστηριότητες αναψυχής.",WFS,geodata.gov.gr:f0ff1c49-4802-40cf-8f39-71ae52166400,http://geodata.gov.gr/geoserver/ows
18,Όρια Νομών,Οργανισμός Κτηματολογίου και Χαρτογραφήσεων Ελλάδας,Boundaries of Prefectures,Hellenic Mapping and Cadastral Organization,04/11/2015,14/10/2011,Boundaries_of_Prefectures_HMCO,The boundaries of the Prefectures of the country,Τα όρια των νομών της χώρας,WFS,geodata.gov.gr:e81089cb-f48c-4c5b-ac77-aa3028fe31fb,http://geodata.gov.gr/geoserver/ows
,Ισοϋψείς της Κρήτης με ισοδιάσταση 200μ.,"Υπουργείο Παιδείας, Έρευνας και Θρησκευμάτων",Crete countors 200m,"Greek Ministry of Education, Research and Religious Affairs",1/27/2016,22/01/2016,crete_iso_200,"200m contours of Crete, as created by students of C1 and C2 Structural Engineering and Geomatics 1st EPAL Chania, during the academic year 2015/2016",Ισοϋψείς της Κρήτης με ισοδιάσταση 200μ. που δημιουργήθηκαν από τους μαθητές του Γ1 και του Γ2 του τομέα Δομικών Έργων και Γεωπληροφορικής του 1ου ΕΠΑΛ Χανίων.,WFS,geodata.gov.gr:ad17b120-5afc-4fd9-9ce4-4103443b6011,http://geodata.gov.gr/geoserver/ows
23,Λίμνες Ελλάδας,"Υπουργείο Παραγωγικής Ανασυγκρότησης, Περιβάλλοντος και Ενέργειας",Lakes of Greece,"Ministry of Productive Reconstruction, Environment and Energy",04/11/2015,14/10/2011,Lakes_of_Greece,This dataset contains the lakes of Greece,Στο αρχείο περιλαμβάνονται οι λίμνες στην έκταση της Ελλάδας,WFS,geodata.gov.gr:c9018d5e-93f1-47bb-a62d-3b86a6518ec4,http://geodata.gov.gr/geoserver/ows
21,Όρια Δήμων (Καλλικράτης),Οργανισμός Κτηματολογίου και Χαρτογραφήσεων Ελλάδας,Municipality boundaries (Kallikratis),Hellenic Mapping and Cadastral Organization,04/11/2015,28/06/2010,Municipality_boundaries_Kallikratis,"This dataset contains the boundaries of the Municipalities of the country, in accordance with the Kallikratis programme. The present file constitutes a corrected version (version v1.1) of the as of 28.6.2010 posted version v1.0.","Περιέχονται τα όρια των Δήμων της χώρας, σύμφωνα με το πρόγραμμα Καλλικράτης. Το παρόν αρχείο αποτελεί διορθωμένη εκδοχή (έκδοση v1.1) της από 28/06/2010 αναρτημένης έκδοσης v1.0.",WFS,geodata.gov.gr:c7b5978b-aca9-4d74-b8a5-d3a48d02f6d0,http://geodata.gov.gr/geoserver/ows
26,Εθνικά Πάρκα,"Υπουργείο Παραγωγικής Ανασυγκρότησης, Περιβάλλοντος και Ενέργειας",National Parks,"Ministry of Productive Reconstruction, Environment and Energy",04/11/2015,19/10/2011,National_Parks,This dataset contains the boundaries of (terrestrial and marine) National Parks of Greece and futther information about them such as the number of the Government Gazette for the recognition of each as national park and for the recognition of the area to which they belong.,Περιέχονται τα όρια των Εθνικών Πάρκων (χερσαίων και θαλάσσιων) της Ελλάδας και λοιπές πληροφορίες για αυτά όπως αριθμός ΦΕΚ αναγνώρισης ως εθνικό πάρκο και ζώνη στην οποία ανήκουν.,WFS,geodata.gov.gr:d7b8a08d-e95b-41d3-a49d-d3a827b830df,http://geodata.gov.gr/geoserver/ows
,Δημόσια Σημεία Πρόσβασης WiFi,Κοινωνία της Πληροφορίας Α.Ε.,Public WiFi Access Points,Information Society S.A.,11/04/2015,17/10/2011,dhmosia_wifi,This dataset contains the positions of public wireless WiFi access points.,Περιέχονται οι θέσεις των δημόσιων ασύρματων σημείων πρόσβασης WiFi.,WFS,geodata.gov.gr:dc5df4f5-3bd4-44d8-9edd-151f7270f20b,http://geodata.gov.gr/geoserver/ows
,Δημόσια Κτήρια,Κοινωνία της Πληροφορίας Α.Ε.,Public Βuildings,Information Society S.A.,11/04/2015,14/10/2011,dhmosia_kthria,"General government buildings, organised into categories depending on their purpose of use","Κτίρια της ευρύτερης δημόσιας διοίκησης, οργανωμένα σε κατηγορίες ανάλογα με το σκοπό χρήσης τους .",WFS,geodata.gov.gr:a72175d3-6db6-443b-ab8e-005c88f54891,http://geodata.gov.gr/geoserver/ows
8,Σιδηροδρομικό δίκτυο Ελλάδας,Υπουργείο Εσωτερικών και Διοικητικής Ανασυγκρότησης,Railway Network of Greece,Ministry of the Interior and Administrative Reconstruction,04/11/2015,14/10/2011,Railway_Network _of_Greece,"Railway Network of Greece. This file does not include descriptive information, it contains only the routes of the railway network.","Σιδηροδρομικό δίκτυο Ελλάδας. Στο αρχείο δεν περιλαμβάνεται περιγραφική πληροφορία, παρά μόνο οι οδεύσεις του σιδηροδρομικού δικτύου .",WFS,geodata.gov.gr:cd6cca01-996f-4120-8ff2-96e094e8d405,http://geodata.gov.gr/geoserver/ows
12,Περιφέρειες Ελλάδας,Υπουργείο Εσωτερικών και Διοικητικής Ανασυγκρότησης,Regions of Greece,Ministry of the Interior and Administrative Reconstruction,04/11/2015,17/10/2011,Regions_of_Greece,"This dataset contains the geographic boundaries of the 13 Regions (East Macedonia and Thrace, Central Macedonia, West Macedonia, Epirus, Thessaly, Ionian Islands, Western Greece, Continental Greece, Attica, Peloponnese, North Aegean, South Aegean, and Crete) of Greece.","Στο αρχείο αυτό περιλαμβάνονται τα γεωγραφικά όρια των 13 Περιφερειών (Ανατολικής Μακεδονίας και Θράκης, Κεντρικής Μακεδονίας, Δυτικής Μακεδονίας, Ηπείρου,. Θεσσαλίας, Ιονίων Νήσων, Δυτικής Ελλάδας, Στερεάς Ελλάδας, Αττικής, Πελοποννήσου, Βορείου Αιγαίου, Νοτίου Αιγαίου και Κρήτης) της Ελλάδας.",WFS,geodata.gov.gr:d7f50467-e5ef-49ac-a7ce-15df3e2ed738,http://geodata.gov.gr/geoserver/ows
10,Ποταμοί,"Υπουργείο Παραγωγικής Ανασυγκρότησης, Περιβάλλοντος και Ενέργειας",Rivers,"Ministry of Productive Reconstruction, Environment and Energy",04/11/2015,20/10/2011,Rivers_e_per,This dataset contains the network of rivers and streams of Greece as provided by e-per.gr service.,Περιέχεται το δίκτυο ποταμών και ρεμάτων της Ελλάδας όπως αυτό παρέχεται από την υπηρεσία e-per.gr,WFS,geodata.gov.gr:b7d36b40-6c5e-4e2b-a9a2-a5aa264dd926,http://geodata.gov.gr/geoserver/ows
22,Οικισμοί,Ελληνική Στατιστική Αρχή,Settlements,Hellenic Statistical Authority,04/11/2015,21/04/2010,Settlements,"The Settlements of the country as used by EL.STAT., for census purposes",Οι Οικισμοί της χώρας όπως χρησιμοποιούνται από την ΕΛ.ΣΤΑΤ. για λόγους απογραφής,WFS,geodata.gov.gr:f45c73bd-d733-4fe0-871b-49f270c56a75,http://geodata.gov.gr/geoserver/ows
,Κέντρα περιβαλλοντικής εκπαίδευσης,"Υπουργείο Παιδείας, Έρευνας και Θρησκευμάτων",Centers of Environmental Education,"Greek Ministry of Education, Research and Religious Affairs",28/01/2016,17/01/2016,kentra_perivallontikis_ekpaideusis,"Environmental Education Centers, as created by students of C1 - Structural Engineering and Geomatics 1st EPAL Chania, during the academic year 2015/2016","Κέντρα Περιβαλλοντικής Εκπαίδευσης σε Κλίμακα 1/100.000 που δημιούργησαν οι μαθητές του Γ1 και του Γ2 Δομικών Έργων και Γεωπληροφορικής του 1ου ΕΠΑΛ Χανίων, το έτος 2015/2016",WFS,geodata.gov.gr:d7f48378-62d3-494f-bb4e-5143a485f33a,http://geodata.gov.gr/geoserver/ows
56,Γενικό Πολεοδομικό Σχέδιο Αττικης - Χρήσεις Γης,Οργανισμός Ρυθμιστικού Σχεδίου και Προστασίας Περιβάλλοντος Αθήνας (ΟΡΣΑ) ,"Land Use, Area of Athens",Organisation of Planning and Environmental Protection of Athens,20/05/2014,20/05/2014,land_use_Athens,The land use information derives fom the Master Urban Planning desing of the Organisation of Planning and Environmental Protection of Athens,Οι χρήσεις γης προέρχονται από Γενικά Πολεοδομικά Σχέδια που διαχειρίζεται ο ΟΡΣΑ,WMS,orsa:all,http://gis.organismosathinas.gr/geoserver/wms
,Δεδομένα Αιολικού Δυναμικού (h100),Ρυθμιστική Αρχή Ενέργειας,Wind Potential (h100),Regulatory Authority for Energy (RAE),,,wind_potential_h100,"The data regard the mean yearly wind speed (per 10 minutes)  on height of 100 meters above the ground. The speed values derive from processing of the raw observations of the sensors which are placed on 160-170 ""webs"" throughout the country. During the processing of the data a model for mass preservation is used.","Τα δεδομένα αφορούν σε μέσες ετήσιες ταχύτητες ανέμου (ανά δεκάλεπτο),  σε απόστηση 100 μέτρα απο το έδαφος. Οι τιμές ταχυτήτων προκύπτουν μέσω επεξεργασίας των πρωτογενών δεδομένων μετρήσεων από αισθητήρες οι οποίοι είναι τοποθετημένοι σε 160-170 ιστούς στο σύνολο της χώρας. Κατά την επεξεργασία χρησιμοποιούνται μοντέλο διατήρησης μάζας και διόρθωση οριακού στρώματος.",WMS,rae_status:Aiolikos_h100,http://www.rae.gr/geoserver/wms
,Δεδομένα Αιολικού Δυναμικού (h80),Ρυθμιστική Αρχή Ενέργειας,Wind Potential (h80),Regulatory Authority for Energy (RAE),,,wind_potential_h80,"The data regard the mean yearly wind speed (per 10 minutes)  on height of 80 meters above the ground. The speed values derive from processing of the raw observations of the sensors which are placed on 160-170 ""webs"" throughout the country. During the processing of the data a model for mass preservation is used.","Τα δεδομένα αφορούν σε μέσες ετήσιες ταχύτητες ανέμου (ανά δεκάλεπτο),  σε απόστηση 80 μέτρα απο το έδαφος. Οι τιμές ταχυτήτων προκύπτουν μέσω επεξεργασίας των πρωτογενών δεδομένων μετρήσεων από αισθητήρες οι οποίοι είναι τοποθετημένοι σε 160-170 ιστούς στο σύνολο της χώρας. Κατά την επεξεργασία χρησιμοποιούνται μοντέλο διατήρησης μάζας και διόρθωση οριακού στρώματος.",WMS,rae_status:Aiolikos_h80,http://www.rae.gr/geoserver/wms
,Δεδομένα Αιολικού Δυναμικού (h120),Ρυθμιστική Αρχή Ενέργειας,Wind Potential (h120),Regulatory Authority for Energy (RAE),,,wind_potential_h120,"The data regard the mean yearly wind speed (per 10 minutes)  on height of 120 meters above the ground. The speed values derive from processing of the raw observations of the sensors which are placed on 160-170 ""webs"" throughout the country. During the processing of the data a model for mass preservation is used.","Τα δεδομένα αφορούν σε μέσες ετήσιες ταχύτητες ανέμου (ανά δεκάλεπτο),  σε απόστηση 120 μέτρα απο το έδαφος. Οι τιμές ταχυτήτων προκύπτουν μέσω επεξεργασίας των πρωτογενών δεδομένων μετρήσεων από αισθητήρες οι οποίοι είναι τοποθετημένοι σε 160-170 ιστούς στο σύνολο της χώρας. Κατά την επεξεργασία χρησιμοποιούνται μοντέλο διατήρησης μάζας και διόρθωση οριακού στρώματος.",WMS,rae_status:Aiolikos_h120,http://www.rae.gr/geoserver/wms
,Μικροί Υδροηλεκτρικοί Σταθμοί,Ρυθμιστική Αρχή Ενέργειας,Small Hydroelectric Power Stations,Regulatory Authority for Energy (RAE),,,,,"Θέσεις εγκατάστασης μικρών υδροηλεκτρικών σταθμών.Τα δεδομένα απεικονίζονται ομαδοποιημένα ανά αριθμό αίτησης (ΑΑ) και αριθμό μητρώου (ΑΜ), ως σύνθετες γεωμετρίες (πολυσημεία). Για κάθε σταθμό καταγράφονται το /τα σημείο/α υδροληψίας, η θέση του σταθμού παραγωγής καθώς και πληροφορίες που αφορούν στην εξέλιξη του έργου (λ.χ. υπό αξιολόγηση, άδεια παραγωγής, ανάκληση/ απόρριψη αίτησης, άδεια εγκατάστασης, άδεια λειτουργίας), τον κωδικό αίτησης, τον τύπο του, την ισχύ του και την γεωγραφική του θέση. Τα δεδομένα καλύπτουν αιτήσεις που έχουν υποβληθεί για το σύνολο της ελληνικής επικράτειας. Πρόκειται για Υ/Η σταθμούς με άδεια παραγωγής",WMS,rae_status:V_HYDRO_GROUPED_ALL,http://www.rae.gr/geoserver/wms
,Αιολικοί Σταθμοί,Ρυθμιστική Αρχή Ενέργειας,Wind Farms,Regulatory Authority for Energy (RAE),,,,,"Πολύγωνα γηπέδων εγκατάστασης αιολικών σταθμών, όπως αυτά προκύπτουν από τις αιτήσεις για χορήγηση άδειας παραγωγής. Κάθε πολύγωνο συνοδεύεται από πληροφορίες που αφορούν στην εξέλιξη του έργου (λ.χ. υπό αξιολόγηση, άδεια παραγωγής, ανάκληση/απόρριψη αίτησης, άδεια εγκατάστασης, άδεια λειτουργίας), τον κωδικό αίτησης, την ισχύ και την γεωγραφική θέση του σταθμού. Τα δεδομένα καλύπτουν αιτήσεις που έχουν υποβληθεί για το σύνολο της ελληνικής επικράτειας.
Περιλαμβάνει πολύγωνα με άδεια παραγωγής.",WMS,rae_status:V_SDI_R_AIOLIKA_ALL,http://www.rae.gr/geoserver/wms
,Ανεμογεννήτριες Αιολικών Και Υβριδικών Σταθμών,Ρυθμιστική Αρχή Ενέργειας,Position of Windmills on Wind Farms or Hybrid Powers Stations,Regulatory Authority for Energy (RAE),,,,,"Οι Θέσεις εγκατάστασης ανεμογεννητριών αιολικών και υβριδικών σταθμών. Για κάθε ανεμογεννήτρια καταγράφονται η προτεινόμενη θέση εγκατάστασης καθώς και πληροφορίες που αφορούν στον τύπο, την ισχύ, το ύψος του πυλώνα, την διάμετρο του δρομέα και τον συνολικό αριθμό ανεμογεννητριών εντός του σταθμού. Τα δεδομένα σχετίζονται άμεσα με το στάδιο εξέλιξης της αίτησης του αιολικού σταθμού στον οποίο αναφέρονται και καλύπτουν αιτήσεις που έχουν υποβληθεί για το σύνολο της ελληνικής επικράτειας. Πρόκειται για ανεμογεννήτριες με άδεια παραγωγής",WMS,rae_status:V_SDI_R_ANEMOGENNHTRIES_GEO,http://www.rae.gr/geoserver/wms
,Σταθμοί Βιομάζας,Ρυθμιστική Αρχή Ενέργειας,Biomass Power Plants,Regulatory Authority for Energy (RAE),,,,,"Πολύγωνα γηπέδων εγκατάστασης παραγωγής βιομάζας όπως αυτά προκύπτουν από τις αιτήσεις για χορήγηση άδειας παραγωγής. Κάθε πολύγωνο συνοδεύεται από πληροφορίες που αφορούν στην εξέλιξη του έργου (λ.χ. υπό αξιολόγηση, άδεια παραγωγής, ανάκληση/ απόρριψη αίτησης, άδεια εγκατάστασης, άδεια λειτουργίας), τον κωδικό αίτησης, την ισχύ του και την γεωγραφική του θέση. Τα δεδομένα καλύπτουν αιτήσεις που έχουν υποβληθεί για το σύνολο της ελληνικής επικράτειας. Περιλαμβάνει πολύγωνα με άδεια παραγωγής.",WMS,rae_status:V_SDI_R_BIOMAZA_ALL,http://www.rae.gr/geoserver/wms
,Γεωθερμικοί Σταθμοί,Ρυθμιστική Αρχή Ενέργειας,Geothermal power stations,Regulatory Authority for Energy (RAE),,,,,"Πολύγωνα γηπέδων εγκατάστασης παραγωγής γεωθερμικής ενέργειας, όπως αυτά προκύπτουν από τις αιτήσεις για χορήγηση άδειας παραγωγής. Κάθε πολύγωνο συνοδεύεται από πληροφορίες που αφορούν στην εξέλιξη του έργου (λ.χ. υπό αξιολόγηση, άδεια παραγωγής, ανάκληση/απόρριψη αίτησης, άδεια εγκατάστασης, άδεια λειτουργίας), τον κωδικό αίτησης, την ισχύ του και την γεωγραφική του θέση. Τα δεδομένα καλύπτουν αιτήσεις που έχουν υποβληθεί για το σύνολο της ελληνικής επικράτειας.
Περιλαμβάνει πολύγωνα με αίτηση σε αξιολόγηση.",WMS,rae_status:V_SDI_R_GEOTHERM_ALL,http://www.rae.gr/geoserver/wms
,Υβριδικοί Σταθμοί,Ρυθμιστική Αρχή Ενέργειας,Hybrid Renewable Power Stations,Regulatory Authority for Energy (RAE),,,,,"Πολύγωνα γηπέδων εγκατάστασης υβριδικών σταθμών, όπως αυτά προκύπτουν από τις αιτήσεις για χορήγηση άδειας παραγωγής. Κάθε πολύγωνο συνοδεύεται από πληροφορίες που αφορούν στην εξέλιξη του έργου (λ.χ. υπό αξιολόγηση, άδεια παραγωγής, ανάκληση/ απόρριψη αίτησης, άδεια εγκατάστασης, άδεια λειτουργίας), τον κωδικό αίτησης, την ισχύ του και την γεωγραφική του θέση. Τα δεδομένα καλύπτουν αιτήσεις που έχουν υποβληθεί για το σύνολο της ελληνικής επικράτειας.",WMS,rae_status:V_SDI_R_ISLANDS_HYBRID_ALL,http://www.rae.gr/geoserver/wms
,Φωτοβολταϊκοί Σταθμοί,Ρυθμιστική Αρχή Ενέργειας,Photovoltaic Power Stations,Regulatory Authority for Energy (RAE),,,,,"Πολύγωνα γηπέδων εγκατάστασης φωτοβολταικών σταθμών, όπως αυτά προκύπτουν από τις αιτήσεις για χορήγηση άδειας παραγωγής. Κάθε πολύγωνο συνοδεύεται από πληροφορίες που αφορούν στην εξέλιξη του έργου (λ.χ. υπό αξιολόγηση, άδεια παραγωγής, ανάκληση/ απόρριψη αίτησης, άδεια εγκατάστασης, άδεια λειτουργίας), τον κωδικό αίτησης, την ισχύ του και την γεωγραφική του θέση. Τα δεδομένα καλύπτουν αιτήσεις που έχουν υποβληθεί για το σύνολο της ελληνικής επικράτειας.Περιλαμβάνει πολύγωνα με άδεια παραγωγής.",WMS,rae_status:V_SDI_R_PHOTOVOLTAICS_ALL,http://www.rae.gr/geoserver/wms
,Ηλιοθερμικοί Σταθμοί,Ρυθμιστική Αρχή Ενέργειας,Solar Power Stations,Regulatory Authority for Energy (RAE),,,,,"Πολύγωνα γηπέδων εγκατάστασης ηλιοθερμικών σταθμών, όπως αυτά προκύπτουν από τις αιτήσεις για χορήγηση άδειας παραγωγής. Κάθε πολύγωνο συνοδεύεται από πληροφορίες που αφορούν στην εξέλιξη του έργου (λ.χ. υπό αξιολόγηση, άδεια παραγωγής, ανάκληση/ απόρριψη αίτησης, άδεια εγκατάστασης, άδεια λειτουργίας), τον κωδικό αίτησης, την ισχύ του και την γεωγραφική του θέση. Τα δεδομένα καλύπτουν αιτήσεις που έχουν υποβληθεί για το σύνολο της ελληνικής επικράτειας.Περιλαμβάνει πολύγωνα με άδεια παραγωγής.",WMS,rae_status:V_SDI_R_SOLAR_ALL,http://www.rae.gr/geoserver/wms
,Προστατευόμενες Περιοχές,Ρυθμιστική Αρχή Ενέργειας,Protected Areas,Regulatory Authority for Energy (RAE),,,,,Πολύγωνα περιοχών που τελούν υπό ειδικό καθεστώς προστασίας. Τα δεδομένα αφορούν σε περιοχές Απολύτου Προστασίας της Φύσης και Προστασίας της Φύσης. Κάθε πολύγωνο συνοδεύεται από πληροφορίες που αφορούν τον χαρακτηρισμό και την όνομα ζώνης της περιοχής.,WMS,rae_status:V_ZONES_APOKLEISMOU_GE,http://www.rae.gr/geoserver/wms
,Μικροί Υδροηλεκτρικοί Σταθμοί,Ρυθμιστική Αρχή Ενέργειας,Small Hydroelectric Power Stations,Regulatory Authority for Energy (RAE),,,,,"Θέσεις εγκατάστασης μικρών υδροηλεκτρικών σταθμών.Τα δεδομένα απεικονίζονται ομαδοποιημένα ανά αριθμό αίτησης (ΑΑ) και αριθμό μητρώου (ΑΜ), ως σύνθετες γεωμετρίες (πολυσημεία). Για κάθε σταθμό καταγράφονται το /τα σημείο/α υδροληψίας, η θέση του σταθμού παραγωγής καθώς και πληροφορίες που αφορούν στην εξέλιξη του έργου (λ.χ. υπό αξιολόγηση, άδεια παραγωγής, ανάκληση/ απόρριψη αίτησης, άδεια εγκατάστασης, άδεια λειτουργίας), τον κωδικό αίτησης, τον τύπο του, την ισχύ του και την γεωγραφική του θέση. Τα δεδομένα καλύπτουν αιτήσεις που έχουν υποβληθεί για το σύνολο της ελληνικής επικράτειας. Πρόκειται για Υ/Η σταθμούς με άδεια παραγωγής",WFS,rae_status:V_HYDRO_GROUPED_ALL,http://www.rae.gr/geoserver/wfs
,Αιολικοί Σταθμοί,Ρυθμιστική Αρχή Ενέργειας,Wind Farms,Regulatory Authority for Energy (RAE),,,,,"Πολύγωνα γηπέδων εγκατάστασης αιολικών σταθμών, όπως αυτά προκύπτουν από τις αιτήσεις για χορήγηση άδειας παραγωγής. Κάθε πολύγωνο συνοδεύεται από πληροφορίες που αφορούν στην εξέλιξη του έργου (λ.χ. υπό αξιολόγηση, άδεια παραγωγής, ανάκληση/απόρριψη αίτησης, άδεια εγκατάστασης, άδεια λειτουργίας), τον κωδικό αίτησης, την ισχύ και την γεωγραφική θέση του σταθμού. Τα δεδομένα καλύπτουν αιτήσεις που έχουν υποβληθεί για το σύνολο της ελληνικής επικράτειας.
Περιλαμβάνει πολύγωνα με άδεια παραγωγής.",WFS,rae_status:V_SDI_R_AIOLIKA_ALL,http://www.rae.gr/geoserver/wfs
,Ανεμογεννήτριες Αιολικών Και Υβριδικών Σταθμών,Ρυθμιστική Αρχή Ενέργειας,Position of Windmills on Wind Farms or Hybrid Powers Stations,Regulatory Authority for Energy (RAE),,,,,"Οι Θέσεις εγκατάστασης ανεμογεννητριών αιολικών και υβριδικών σταθμών. Για κάθε ανεμογεννήτρια καταγράφονται η προτεινόμενη θέση εγκατάστασης καθώς και πληροφορίες που αφορούν στον τύπο, την ισχύ, το ύψος του πυλώνα, την διάμετρο του δρομέα και τον συνολικό αριθμό ανεμογεννητριών εντός του σταθμού. Τα δεδομένα σχετίζονται άμεσα με το στάδιο εξέλιξης της αίτησης του αιολικού σταθμού στον οποίο αναφέρονται και καλύπτουν αιτήσεις που έχουν υποβληθεί για το σύνολο της ελληνικής επικράτειας. Πρόκειται για ανεμογεννήτριες με άδεια παραγωγής",WFS,rae_status:V_SDI_R_ANEMOGENNHTRIES_GEO,http://www.rae.gr/geoserver/wfs
,Σταθμοί Βιομάζας,Ρυθμιστική Αρχή Ενέργειας,Biomass Power Plants,Regulatory Authority for Energy (RAE),,,,,"Πολύγωνα γηπέδων εγκατάστασης παραγωγής βιομάζας όπως αυτά προκύπτουν από τις αιτήσεις για χορήγηση άδειας παραγωγής. Κάθε πολύγωνο συνοδεύεται από πληροφορίες που αφορούν στην εξέλιξη του έργου (λ.χ. υπό αξιολόγηση, άδεια παραγωγής, ανάκληση/ απόρριψη αίτησης, άδεια εγκατάστασης, άδεια λειτουργίας), τον κωδικό αίτησης, την ισχύ του και την γεωγραφική του θέση. Τα δεδομένα καλύπτουν αιτήσεις που έχουν υποβληθεί για το σύνολο της ελληνικής επικράτειας. Περιλαμβάνει πολύγωνα με άδεια παραγωγής.",WFS,rae_status:V_SDI_R_BIOMAZA_ALL,http://www.rae.gr/geoserver/wfs
,Γεωθερμικοί Σταθμοί,Ρυθμιστική Αρχή Ενέργειας,Geothermal power stations,Regulatory Authority for Energy (RAE),,,,,"Πολύγωνα γηπέδων εγκατάστασης παραγωγής γεωθερμικής ενέργειας, όπως αυτά προκύπτουν από τις αιτήσεις για χορήγηση άδειας παραγωγής. Κάθε πολύγωνο συνοδεύεται από πληροφορίες που αφορούν στην εξέλιξη του έργου (λ.χ. υπό αξιολόγηση, άδεια παραγωγής, ανάκληση/απόρριψη αίτησης, άδεια εγκατάστασης, άδεια λειτουργίας), τον κωδικό αίτησης, την ισχύ του και την γεωγραφική του θέση. Τα δεδομένα καλύπτουν αιτήσεις που έχουν υποβληθεί για το σύνολο της ελληνικής επικράτειας.
Περιλαμβάνει πολύγωνα με αίτηση σε αξιολόγηση.",WFS,rae_status:V_SDI_R_GEOTHERM_ALL,http://www.rae.gr/geoserver/wfs
,Υβριδικοί Σταθμοί,Ρυθμιστική Αρχή Ενέργειας,Hybrid Renewable Power Stations,Regulatory Authority for Energy (RAE),,,,,"Πολύγωνα γηπέδων εγκατάστασης υβριδικών σταθμών, όπως αυτά προκύπτουν από τις αιτήσεις για χορήγηση άδειας παραγωγής. Κάθε πολύγωνο συνοδεύεται από πληροφορίες που αφορούν στην εξέλιξη του έργου (λ.χ. υπό αξιολόγηση, άδεια παραγωγής, ανάκληση/ απόρριψη αίτησης, άδεια εγκατάστασης, άδεια λειτουργίας), τον κωδικό αίτησης, την ισχύ του και την γεωγραφική του θέση. Τα δεδομένα καλύπτουν αιτήσεις που έχουν υποβληθεί για το σύνολο της ελληνικής επικράτειας.",WFS,rae_status:V_SDI_R_ISLANDS_HYBRID_ALL,http://www.rae.gr/geoserver/wfs
,Φωτοβολταϊκοί Σταθμοί,Ρυθμιστική Αρχή Ενέργειας,Photovoltaic Power Stations,Regulatory Authority for Energy (RAE),,,,,"Πολύγωνα γηπέδων εγκατάστασης φωτοβολταικών σταθμών, όπως αυτά προκύπτουν από τις αιτήσεις για χορήγηση άδειας παραγωγής. Κάθε πολύγωνο συνοδεύεται από πληροφορίες που αφορούν στην εξέλιξη του έργου (λ.χ. υπό αξιολόγηση, άδεια παραγωγής, ανάκληση/ απόρριψη αίτησης, άδεια εγκατάστασης, άδεια λειτουργίας), τον κωδικό αίτησης, την ισχύ του και την γεωγραφική του θέση. Τα δεδομένα καλύπτουν αιτήσεις που έχουν υποβληθεί για το σύνολο της ελληνικής επικράτειας.Περιλαμβάνει πολύγωνα με άδεια παραγωγής.",WFS,rae_status:V_SDI_R_PHOTOVOLTAICS_ALL,http://www.rae.gr/geoserver/wfs
,Ηλιοθερμικοί Σταθμοί,Ρυθμιστική Αρχή Ενέργειας,Solar Power Stations,Regulatory Authority for Energy (RAE),,,,,"Πολύγωνα γηπέδων εγκατάστασης ηλιοθερμικών σταθμών, όπως αυτά προκύπτουν από τις αιτήσεις για χορήγηση άδειας παραγωγής. Κάθε πολύγωνο συνοδεύεται από πληροφορίες που αφορούν στην εξέλιξη του έργου (λ.χ. υπό αξιολόγηση, άδεια παραγωγής, ανάκληση/ απόρριψη αίτησης, άδεια εγκατάστασης, άδεια λειτουργίας), τον κωδικό αίτησης, την ισχύ του και την γεωγραφική του θέση. Τα δεδομένα καλύπτουν αιτήσεις που έχουν υποβληθεί για το σύνολο της ελληνικής επικράτειας.Περιλαμβάνει πολύγωνα με άδεια παραγωγής.",WFS,rae_status:V_SDI_R_SOLAR_ALL,http://www.rae.gr/geoserver/wfs
,Προστατευόμενες Περιοχές,Ρυθμιστική Αρχή Ενέργειας,Protected Areas,Regulatory Authority for Energy (RAE),,,,,Πολύγωνα περιοχών που τελούν υπό ειδικό καθεστώς προστασίας. Τα δεδομένα αφορούν σε περιοχές Απολύτου Προστασίας της Φύσης και Προστασίας της Φύσης. Κάθε πολύγωνο συνοδεύεται από πληροφορίες που αφορούν τον χαρακτηρισμό και την όνομα ζώνης της περιοχής.,WFS,rae_status:V_ZONES_APOKLEISMOU_GE,http://www.rae.gr/geoserver/wfs